,median_richness_matrix
0,"[[ 13633.41237622  12148.70849439   6967.12378784  13203.56677882  14907.82439276   9467.61756214  18634.58089677]
 [ 14878.00487938  65603.33654758  43166.53371617  50197.022676    59199.62022735  51809.22531641  11447.34467713]
 [ 11422.69846455  51984.36254614  78715.95562514  63910.59226798  79762.99374248  64185.10436284   6772.73024292]
 [  9129.2351697   57728.14291218  69754.6091274  255033.22916419  94707.63990535  52567.57040707   8414.89117343]
 [ 13350.73990485  51633.9988033   76739.12130461  75403.59737438  70601.98690907  57782.84565959   9800.01692973]
 [  9950.77582352  58941.27817349  48402.73229312  58712.78237206  56230.53153112  59598.09829417  12896.02237926]
 [ 14251.20150224   9368.46085866  14223.68366632  11508.73779252  13835.75883442  14144.49331927  10739.73049865]]"
1,"[[ 13798.29422112  12255.62211419   5591.29126524  14438.14563463  16783.01660294  10206.47670939  19275.20245585]
 [ 17371.25389123  61921.8884641   36393.98325453  43751.78703278  64457.27376781  55622.87887181  11452.161246  ]
 [  8100.02497805  41574.93092911 103789.85932057  65133.22461037 123849.35500283  61651.8781334    6772.73024292]
 [  9086.46333426  59153.36091104  88367.21711618 255033.22916419 108889.15341758  54974.57966315   8892.02386449]
 [ 13898.46864508  40967.48347854  84215.93637184  86531.91563358  84779.55872289  52495.70789293   7865.0788616 ]
 [  9592.44930822  60298.8758798   40000.70805459  54385.76270331  49756.37029264  62316.96749744  15212.51102815]
 [ 16027.6404135   12412.56022705  12900.95672514   8296.0031085   12997.86766198  15566.87227311  13356.93711127]]"
2,"[[ 13798.29422112  12087.44094844   4440.86733225  15112.24571739  17704.03702327   7815.61215324  19275.20245585]
 [ 20424.29497311  64813.54190412  33988.02945452  45370.10899735  61170.71680365  58775.37533171  11614.23063965]
 [  6534.59062817  38467.02022306 120449.38386369  67093.05524044 130716.89527401  58327.00686749   6626.91597442]
 [  9561.65126622  58653.97450874  92187.17631513 255033.22916419 117775.06442115  51342.68976845  12824.05423598]
 [ 15158.22066858  37791.12395741  87637.79427152  81050.8019243  100534.10869095  49255.1245673    7738.23183522]
 [ 10009.14492406  63597.70984803  34724.37113367  52106.41481823  46623.01009204  66502.6906401   15895.34473652]
 [ 16909.95344165  11430.40388943  12979.59582226   9125.08613289  12738.23214132  13202.36939273  13356.93711127]]"
3,"[[ 16760.59759454  15465.96719474   4016.79230851  15598.18740009  18710.82910619  12862.8391731   22082.02564368]
 [ 21872.54780153  63423.11594757  33151.10568634  44836.50643909  68487.63682574  58352.57922325   9822.10123139]
 [  6534.59062817  37216.59919177 129986.89918763  67093.05524044 130716.89527401  56245.55309486   6268.69154337]
 [ 13787.62776352  56529.11609691  96526.64078621 255033.22916419 122495.69435828  49315.51653717   8279.05976051]
 [ 13846.31320004  36979.34708405  92516.14273069  91269.79206062 103389.69416079  46416.37027      6943.19653005]
 [ 11447.01730517  64147.85085681  33991.45426547  49017.64887639  44341.24401033  70609.44878129  17361.68061821]
 [ 18665.21658793   7422.76495484  18190.44295751  10940.31158427  13025.44116315  10506.0590025   13356.93711127]]"
4,"[[ 18314.78411011  17075.46970237   4800.34214293  15920.210453    19635.80317536  13779.62490501  20484.71851728]
 [ 19935.86342715  63231.15710998  32285.84283074  44832.16658759  68669.37972422  60511.58160399  10029.42749374]
 [  5357.75136581  37118.22329913 134592.44414517  64096.42725948 131636.78499334  55792.13154355   6330.78561456]
 [ 14907.82439276  57650.92174977 101265.49321616 255033.22916419 130880.00117475  49474.63804659   7237.78984744]
 [ 13300.13009508  36644.51344807  93535.07656212  96879.11461346 102680.94446008  46804.09913953   5017.30312894]
 [  9855.66151915  63696.84066449  33466.49482496  48293.69751347  43793.44930775  72467.81135817  17908.66031634]
 [ 17140.29382087   6802.7292389   16764.49640865  10994.9974212   14221.36042562  13224.86557485  15054.89976222]]"
5,"[[ 18314.78411011  16251.69006131   4317.45740756  15168.04820259  20777.9207392   13369.50338008  18200.59187834]
 [ 22244.66662712  62952.96505879  32091.15456137  44720.53699077  69754.6091274   59649.01594383  11775.84181295]
 [  5829.48079054  36925.42686999 130556.7154432   62612.45120939 137522.41968765  54691.9430722    6639.33823548]
 [ 18797.23775693  57204.44040968 102287.56581972 255033.22916419 132742.62891033  49502.01527578   6013.85166914]
 [ 11832.68665323  36380.56986003  93535.07656212  95695.68108825 101421.4610651   46705.67310316   5032.17157855]
 [ 11150.06658664  63379.96216226  33635.51723994  47562.8963495   42815.88382258  74068.2777296   18946.67087159]
 [ 18651.59729351   6796.6709783   16111.50683674   9801.36540297  14221.36042562  14448.2377446   16983.39181186]]"
6,"[[ 15566.87227311  20373.69384242   3388.76161338  17346.90884253  20925.21273071  13899.6557872   17189.18039983]
 [ 23872.70409259  63923.98088287  31838.14995527  44569.92937047  69477.86201606  61059.83678492  10677.50779242]
 [  4216.01858295  36922.13965566 130613.12127964  61651.8781334  142728.74453608  54385.76270331   6220.48799092]
 [ 19273.16986469  57257.88820755 102400.1609618  255033.22916419 136200.41842226  49529.39250498   7358.98713659]
 [ 12150.0547032   36558.8624687   88279.31810454  96503.55196792 102680.94446008  45878.80574935   5722.61240851]
 [ 10206.47670939  63397.75578994  33517.0961682   47562.8963495   41861.50428982  76608.46899284  17152.67612212]
 [ 21607.94249938   6534.59062817  18190.44295751   7786.4228733   13832.43053259  13913.46133936  20213.25473416]]"
7,"[[ 17683.33603869  20329.31041044   3755.45612201  17545.73180037  21289.46252513  12676.00802056  18706.30248312]
 [ 24821.45068086  65260.81182162  31502.25771561  44664.06798032  69106.06717207  59853.93961217  11648.63958166]
 [  4637.59946587  36904.20591921 134592.44414517  63333.28857999 146092.05965655  54308.46459927   6722.51946111]
 [ 18809.43930119  56903.51420605 105427.51072078 255033.22916419 141756.70279364  49474.63804659   6943.19653005]
 [ 16042.50259988  36299.75364024  88191.41049221  98307.39434365 101421.4610651   44491.19009619   4943.1413849 ]
 [  9950.77582352  62590.14059796  33301.21171202  47562.8963495   41349.44719281  76988.35967573  17152.67612212]
 [ 22452.92014453   6795.8302532   18324.45612149   7240.2978702   17181.48051512  13913.46133936  24084.7608276 ]]"
8,"[[ 18676.7860835   21431.54596381   3880.77628134  16011.85510465  20925.21273071   9932.46162497  21054.63191846]
 [ 26133.66544472  67172.28335739  31374.38636726  44737.85932975  69131.57068289  58510.1254408   13358.24360305]
 [  4076.55736281  36494.98160383 139017.08523809  63910.59226798 143131.39534081  53648.71797107   7453.25297807]
 [ 19783.06909761  56387.89389936 107117.72608158 255033.22916419 144266.47101249  49438.93425128   5234.53107578]
 [ 18212.37536416  36574.80092764  89843.8669      99368.67042463 100585.32152131  43908.96820374   5357.75136581]
 [ 10197.93849911  61965.2277432   33191.73107052  47518.13458274  40886.4505309   78084.04617795  15016.0158194 ]
 [ 25842.96704312   7178.29106594  18023.2790106    7753.31126644  17213.61012497  14311.92222967  22025.64904687]]"
9,"[[ 16492.74254982  20880.15628351   3930.3397708   15093.43925739  22301.15173609  10767.81341718  22082.02564368]
 [ 27389.8519295   66540.29083181  31355.41553804  44721.38862492  69153.76969017  58419.10380591  13756.07902128]
 [  3960.91214028  35760.95286124 141195.4729909   62455.99774467 139063.16143679  53016.02487445   6943.19653005]
 [ 23071.72924688  56129.61603131 108007.99210949 255033.22916419 151841.08427997  49147.18165829   6628.29302467]
 [ 20873.86249182  37204.05659657  88753.91103222  98761.14609666 100585.32152131  43541.89594936   4147.3892099 ]
 [  9613.41765166  61329.89648612  33152.90959866  47296.98239665  40569.27555124  77488.97651514  17152.67612212]
 [ 25486.9991254    6795.8302532   18702.23514786   7885.73684839  17213.61012497  17744.55475821  23287.68434398]]"
10,"[[ 18245.44316512  38187.84687791   4765.84334145  14854.39361611  22093.40516449  10588.2058798   22082.02564368]
 [ 27389.8519295   67430.59455215  31364.90095265  44827.82673609  69191.94424923  58410.09029853  12903.23595925]
 [  3215.24165853  35513.40928555 139992.2488034   62386.88432008 138161.11225655  52669.57933107   6797.5117034 ]
 [ 19614.71228513  56129.61603131 108741.61433883 253628.65733224 160921.37768882  49156.39502774   6765.35148884]
 [ 18221.98925916  37504.2293079   87637.79427152  98967.48789805 101080.77836073  43299.73196622   4600.69523841]
 [ 11227.43607507  61574.07345432  33076.66914534  47258.40074648  40442.46696331  77909.6213399   18702.23514786]
 [ 25486.9991254    6330.78561456  21664.03110704   8139.98656836  17213.61012497  16560.10739875  26040.61453013]]"
11,"[[ 21789.74335768  39068.66022749   4691.96769055  16331.64292382  19920.22667801   9923.10393319  25908.34468812]
 [ 51658.79181461  67927.6402719   31355.41553804  44836.50643909  69304.4535005   58216.54893166  10641.02462817]
 [  3554.66096066  35443.6211048  147020.57383405  62386.88432008 138261.67718066  52618.57486907   6142.49481255]
 [ 22059.8221929   56060.84645639 109077.65425859 251175.83320446 170350.13230748  49227.06454514   8776.60268379]
 [ 17015.22450622  37616.64614107  88279.31810454 100139.37813791 100585.32152131  43280.65783422   4846.67192011]
 [ 12115.8562149   61803.21255857  33076.66914534  46965.36626867  40341.15448981  78549.20867188  18462.32385579]
 [ 26054.23924269   6330.78561456  18823.07742298   8358.86311276  17945.08705481  19829.92326031  26040.61453013]]"
12,"[[ 36425.47601939  41464.13220858   4508.55036655  14716.60593309  41824.69370731   9620.53312455  26524.72869742]
 [ 51658.79181461  68418.8990931   31267.27156414  44822.74823196  69142.67018653  58122.96763065   9232.93414541]
 [  3960.91214028  35485.66512591 151116.32154328  63411.61879217 138161.11225655  52669.57933107   6013.85166914]
 [ 22410.85809031  55897.92286809 114348.00163502 261032.4097498  172830.88091712  49465.0791264    8889.86775655]
 [ 18179.38175064  37515.42761669  89267.31163185 100820.32545855 100456.01357716  43497.50105422   4384.52053802]
 [ 12862.8391731   61670.57703268  33115.72532274  47376.84501016  40658.03775941  79707.87482423  34858.67610904]
 [ 30234.10844253   5974.59932747  19655.34865058   9243.31960534  18159.26313159  17377.56837957  51193.42023203]]"
13,"[[ 41506.38968418  43880.7453191    3755.45612201  15031.15135535  44237.59718358   8029.14484905  27178.42174192]
 [ 53791.68490424  69358.24122183  31280.48085987  44825.28748403  68718.59786974  57827.55819475  10162.62832897]
 [  4565.11015277  35425.38073568 155732.31645148  64344.17841424 138372.47728417  52567.57040707   6628.29302467]
 [ 32582.37721493  55809.58811638 117095.44881346 261032.4097498  174541.67365829  49346.38656993   9461.02095876]
 [ 22267.4728941   37588.83287519  90122.37504335 102287.23789528 101265.49321616  43524.64084707   4600.69523841]
 [ 12293.13130657  61693.06512099  32908.38204384  47208.73317597  40658.03775941  82484.34674936  39037.14365696]
 [ 53152.53980072   5758.38297845  20909.45333008   9854.42614219  25313.01820893  14441.60800118  51669.53154149]]"
14,"[[ 45862.12304282  44305.64390205   3577.53162648  15102.3221879   42749.61636328   8139.98656836  27178.42174192]
 [ 54390.35491608  69754.6091274   31274.3389591   44820.9642727   67880.5911207   57557.60344881  11724.52941224]
 [  3845.22707182  35466.22692307 163898.70399373  66256.44350864 144107.09378529  52529.74137693   7021.09610195]
 [ 44838.51139486  55782.32338908 120970.89262578 269295.45350109 188559.79300463  49346.38656993   8599.72758517]
 [ 21238.88945712  37588.83287519  90972.52487656 104783.09451825 101819.65161246  43541.89594936   4254.70484394]
 [ 12173.70238608  61787.41497867  32897.47475953  47119.43161148  40650.03637344  83080.58805799  39510.58843712]
 [ 53819.21462176   6125.41960339  20211.48581073   9219.39976684  32132.9195598   14697.56848143  54387.28362879]]"
15,"[[ 49870.31772029  48088.76243429   3110.04511064  14716.60593309  45341.32005524   9854.42614219  27546.57346065]
 [ 58327.00686749  69852.40594896  31262.68199458  44781.4864763   66773.00325244  57548.5445568   13202.36939273]
 [  3304.21137516  35456.73100493 170173.68978522  67670.7232893  149801.48092138  52552.54351875   6580.2383671 ]
 [ 45333.84149538  55654.82593758 124354.24078311 267031.59033541 246459.96769803  49374.80851295   8599.72758517]
 [ 22210.06099858  37430.43716826  90972.52487656 109464.26159355 104054.46733987  43541.11324917   4432.87804335]
 [ 12104.48717366  61740.24004983  32897.47475953  46891.24538609  40658.03775941  84364.68969311  41365.30701906]
 [ 54715.958867     5974.59932747  19780.05282989   8309.18428691  33633.4928659   16125.19473535  54997.15926997]]"
16,"[[ 51984.36254614  47815.87886749   3110.04511064  15168.04820259  45225.05607241   9774.25041847  27115.85942181]
 [ 58327.00686749  69781.58760742  31274.3389591   44742.0086799   66382.46519301  57395.82489052  12471.62984133]
 [  3304.21137516  35420.80431267 174541.67365829  71281.39941648 150275.00177512  52529.74137693   6580.2383671 ]
 [ 46438.34302409  55620.1866548  129275.9787538  255033.22916419 269216.14708607  49255.1245673    8414.89117343]
 [ 21083.8906139   37425.12095025  92029.15648908 111393.72336104 105255.47039848  43542.67864955   3980.26748624]
 [ 11352.8937367   61858.21441977  32865.59633805  46869.2083015   40658.03775941  85371.8166183   45349.92981852]
 [ 54681.59209587   6532.36516221  20500.03239236   9243.31960534  34605.00322771  15895.34473652  59050.05623432]]"
17,"[[ 52085.64854104  49419.72898796   2530.87370153  15355.55833791  44237.59718358   8501.90307579  26744.13154086]
 [ 57143.72961998  69735.01314589  31273.1000464   44739.93400483  65739.52542163  57533.45790325  12355.67371941]
 [  3317.1810965   35425.38073568 177327.27246551  71905.30960923 154123.38247898  52538.28220032   6013.85166914]
 [ 45569.68274216  55523.15868842 132406.51587994 249836.67056256 260351.85798175  49335.5025043    8623.37570788]
 [ 21041.03406339  37425.12095025  92345.19614119 110260.43278479 105539.00574108  43497.50105422   3548.57239612]
 [ 12122.35822442  61879.92424875  32892.78036831  46743.28695896  40667.56458421  85504.58969306  45806.91534706]
 [ 55622.87887181   6034.98461368  20790.53243983   9243.31960534  36317.69050136  16740.92348281  59050.05623432]]"
18,"[[ 49870.31772029  50938.71757611   3002.55482087  16957.45717011  45225.05607241   8218.69634903  26744.13154086]
 [ 56866.02693501  69886.05648203  31274.3389591   44737.85932975  65587.06160945  57365.15070907   8579.49673037]
 [  3846.65132839  35403.13504968 178585.10796817  70968.10156907 154123.38247898  52529.74137693   5404.52828446]
 [ 46438.34302409  55444.74372558 134211.14046912 244640.11196094 273757.3780925   49218.59058434   9791.70025241]
 [ 21041.03406339  37497.25523077  91673.62391622 113176.18996612 106911.55612837  43541.89594936   3726.66559824]
 [ 13060.33944948  61921.8884641   32859.00283902  46653.17128404  40689.79496776  86358.61654565  45261.11198061]
 [ 57250.62521573   6532.36516221  21474.88263858   9158.30527161  36527.65903919  16403.26723275  59172.21969438]]"
19,"[[ 48424.72085694  54385.76270331   2530.87370153  16957.45717011  45296.2364543    8218.69634903  27822.06275806]
 [ 58419.10380591  69873.30664289  31271.8611337   36167.13515644  65538.31275921  57146.20850761   8654.95450759]
 [  3846.65132839  35456.73100493 179089.95616139  72196.42151735 155892.62303258  52538.28220032   5193.49884903]
 [ 46666.81293233  35753.45209402 136293.72609465 242465.2788812  273912.33203479  49156.39502774  10025.01960976]
 [ 21555.36651854  37504.2293079   92552.52899814 111004.57025445 108856.09678279  43541.89594936   3739.74615702]
 [ 13060.33944948  61879.92424875  32858.4903143   46416.37027     40677.49956039  86652.13267648  44720.53699077]
 [ 59288.84499315   6253.97699808  21607.42084943   9158.30527161  36229.0191596   16515.41072078  59050.05623432]]"
20,"[[ 49716.41066073  55283.6233718    2460.398052    17287.78009848  45597.9435594    8218.69634903  27308.53859682]
 [ 59208.27798428  69844.25509415  31280.48085987  33610.24782897  65161.38617891  57117.36338457   9154.21156671]
 [  3960.91214028  35430.51120468 186185.91583031  72640.68135255 162461.55335011  52529.74137693   5404.52828446]
 [ 48595.04149552  36777.51071674 138104.61091198 239581.46375107 273757.3780925   49162.92759495   8967.75636076]
 [ 21456.808602    37401.94383909  93195.4224606  110183.75769035 109857.95235163  43508.16844498   3739.74615702]
 [ 12682.4998593   61900.90635643  32871.67731237  46292.97877305  40689.79496776  87632.6353075   44497.07833379]
 [ 56087.06885444   6034.98461368  21607.42084943   9467.61756214  36527.65903919  16407.09749279  58301.28273828]]"
21,"[[ 49716.41066073  54974.57966315   2460.398052    16656.63287845  44405.59115985   9705.83948542  40590.76036868]
 [ 60112.61034421  69886.05648203  31280.48085987  13879.07742503  65029.11322412  57044.06616323   9800.01692973]
 [  3846.65132839  35466.22692307 208472.94122346  73439.55859204 168233.71437539  52495.70789293   5743.70779417]
 [ 48105.1434684   36777.51071674 142643.53337033 238309.89973644 271486.76258928  49159.66131135   8139.98656836]
 [ 22338.04170069  37463.84619952  94459.00825565 113919.50910932 114446.89489041  43545.24354843   3980.26748624]
 [ 12300.879821    61872.30102183  32801.34372685  46480.13856073  40813.73368438  87766.09143966  46537.36810672]
 [ 57981.67849185   5648.59462755  22235.95118088   9738.92331806  36542.92400976  16929.77985023  58301.28273828]]"
22,"[[ 47804.95220142  55288.20553454   2601.62027474  17317.84674065  44237.59718358   9092.02733551  44822.74823196]
 [ 60686.47663736  69873.30664289  31350.85761187  15901.45642454  65139.22747395  56858.10351655   9469.84066326]
 [  3573.54115586  35504.50834809 189760.59815724  73879.1451163  170802.60886808  52512.72463493   6178.92932531]
 [ 48415.96422823  36777.51071674 145114.55934152 239039.15679572 273834.85506365  49156.39502774   8218.69634903]
 [ 24355.89792812  37430.43716826  94254.04486627 115256.95199646 114498.45021557  43588.1219829    3739.74615702]
 [ 12871.41965439  61900.90635643  32755.26687306  46224.66855629  40814.88042253  88582.60034668  47219.81909631]
 [ 58505.38297746   5947.79524725  22082.02564368   9738.92331806  36910.70264217  17614.91125687  58152.6322801 ]]"
23,"[[ 47651.33333006  55782.32338908   3110.04511064  16777.99770505  43737.07101617   9128.42951333  49190.57804036]
 [ 60211.99726476  69844.25509415  31346.2996857   17002.10324171  65161.38617891  56844.94187827   9154.21156671]
 [  3529.20769886  35427.94597018 187409.68892504  74565.75400467 171999.04225771  52517.84078774   6442.1740834 ]
 [ 48859.15805795  38902.72132925 146134.83949829 239039.15679572 269216.14708607  49146.48377083   8218.69634903]
 [ 24235.87069748  37430.43716826  94284.67502989 116435.30725901 115528.7772522   43588.1219829    3801.76160517]
 [ 13449.16537521  61942.28193747  32801.34372685  46229.58023249  40886.11269577  89654.4862386   46614.81387082]
 [ 58540.82735112   6144.48080588  24084.7608276    9158.30527161  37100.72778334  17418.61282653  58470.36545135]]"
24,"[[ 47123.15071521  59447.77966197   3110.04511064  16546.53207349  42468.83828559   7240.2978702   53553.25210464]
 [ 60511.58160399  69852.40594896  31346.2996857   17213.61012497  65163.28304133  56711.79167669   9307.79274529]
 [  3154.68150033  35425.38073568 191509.28165319  74855.32208123 172077.08925738  52517.84078774   5974.59932747]
 [ 49653.14310236  33846.15980729 148082.52137135 238674.52826608 271486.76258928  49126.77240561   8414.89117343]
 [ 25007.58805511  37430.43716826  94254.04486627 117478.77873266 116841.17461582  43679.99225035   3801.76160517]
 [ 13600.22113912  61981.91610345  32787.6289332   46273.00546377  40886.78836604  90676.63678694  46696.55489676]
 [ 58468.59169601   6532.36516221  23278.05402018  10268.46867926  36993.11410635  17744.55475821  58226.29781619]]"
25,"[[ 45180.28899389  61154.58172368   3398.02310893  21607.42084943  42298.69416592  11815.81458612  58191.97407046]
 [ 60511.58160399  69606.9835865   31350.85761187  19200.52594473  65260.81182162  56626.49043765  11819.28493072]
 [  3730.23259287  35475.72284121 199453.79357432  75525.50783881 173858.46252143  52493.08411478   5330.91797104]
 [ 50793.94072612   6710.42095749 148449.11076103 235945.40452714 273757.3780925   49136.57251391   7453.25297807]
 [ 26754.58116507  37430.43716826  95813.10384741 121268.70457222 116031.39589845  43690.27313105   4433.11066498]
 [ 14200.74899011  62034.24933827  32801.34372685  46224.66855629  40886.4505309   89267.31163185  47664.35213752]
 [ 60140.50621042   8069.55072547  23796.83220968  11781.13011317  36928.71408432  19635.12724124  57915.74122774]]"
26,"[[ 45180.28899389  61007.82747093   3577.53162648  30447.83910807  42749.61636328  13962.74393932  58191.97407046]
 [ 60686.47663736  69751.61168988  31405.95184689  21018.55321238  65163.28304133  56711.79167669  11717.52348723]
 [  3573.54115586  35504.50834809 214629.65853745  76564.56806527 175395.88680592  52493.08411478   5193.49884903]
 [ 49733.50419378   7217.57500679 151407.62194365 238309.89973644 273757.3780925   49146.48377083   7487.99652492]
 [ 26222.60368288  37430.43716826  94459.00825565 118654.46985726 119047.71792437  43690.27313105   4433.11066498]
 [ 13928.45403363  61981.91610345  32801.34372685  46234.49190869  40842.08700148  90708.56904467  48123.62295467]
 [ 60136.27397055   7617.92514986  22804.54444627  11209.93184599  36954.03058419  18045.245995    55897.92286809]]"
27,"[[ 45158.92875178  62826.86956757   3276.63442742  36984.38614515  42653.15203712  12312.56537362  59321.88565236]
 [ 60686.47663736  69873.30664289  31374.38636726  19086.49933469  65163.28304133  56778.54052002  12355.23642265]
 [  3602.46100395  35475.72284121 219331.22269226  76612.09814364 189760.59815724  52495.70789293   6314.0371496 ]
 [ 50806.81903318   7701.59198951 153571.20830312 239039.15679572 276463.06150268  49136.57251391   7487.99652492]
 [ 26142.28847684  37463.84619952  95430.47631912 117463.27182901 121103.13882321  43703.75845543   4158.39787248]
 [ 13751.27690302  61963.95157702  32838.91805897  46198.01942374  40839.59211333  91299.67557007  48263.23832913]
 [ 59080.95476867   7617.92514986  23498.56594463  11209.93184599  36979.34708405  18458.46928547  55897.92286809]]"
28,"[[ 45180.28899389  63573.36584989   3978.97104554  43078.03046403  42468.83828559  12752.5797927   57143.72961998]
 [ 60511.58160399  69812.92135079  31374.38636726  19743.86350021  65125.14668968  56844.94187827  11604.06294801]
 [  3083.14436762  35485.66512591 230625.18142492  77100.96403732 182578.46898743  52495.70789293   6220.48799092]
 [ 50806.81903318   8332.88440297 153358.80889284 235072.2010416  282183.09865204  49109.75358682   7583.33117302]
 [ 27308.53859682  37355.07846338  95447.16873525 118400.88742858 120251.38485752  43700.32456268   3755.45612201]
 [ 13751.27690302  61981.91610345  32801.34372685  46224.66855629  40842.08700148  92091.0612933   48072.473726  ]
 [ 60136.27397055   8091.78889908  21609.69881279   8762.69853999  36993.11410635  18960.10137978  55372.82423209]]"
29,"[[ 44463.04483044  66181.34425686   3978.97104554  44611.42393744  41937.31180099  12712.62117027  52558.26401378]
 [ 60376.2058641   70059.09922395  31405.95184689  19867.23140133  65117.06876898  56950.75860045  11422.69846455]
 [  2944.01315541  35456.73100493 244052.98074095  77188.16846344 185428.90203979  52471.67838876   5816.41645255]
 [ 53525.31013837   8660.95134674 154881.90707812 228911.74374437 276463.06150268  49071.86012172   8339.42317199]
 [ 41814.38223565  37310.42635691  96717.21099458 118921.3394169  124190.46375492  43700.32456268   3739.86105814]
 [ 14514.58753475  62005.35967225  32755.26687306  46229.58023249  40815.93212622  92482.08602714  48072.473726  ]
 [ 59288.84499315   8880.39598572  21695.04657485   8391.4377545   36647.70027577  19692.50818225  54997.15926997]]"
30,"[[ 44305.64390205  64491.43428783   3978.97104554  43078.03046403  41833.12516324  12712.62117027  54778.28940202]
 [ 60376.2058641   69895.36575733  31350.85761187  19867.23140133  65117.06876898  56903.51420605  11422.69846455]
 [  2944.01315541  35503.12812239 252471.45225692  77408.55759909 189760.59815724  52494.39600385   5816.41645255]
 [ 56427.61211403   8660.95134674 155542.67360186 228911.74374437 282204.2446129   41154.14008326   8339.42317199]
 [ 47515.84889133  37310.42635691  97424.80742229 118908.05228593 124084.88934198  43700.32456268   3739.86105814]
 [ 14514.58753475  62023.18210953  32810.34476524  46336.40400434  40813.73368438  93535.07656212  48163.55966705]
 [ 59288.84499315   8880.39598572  21695.04657485   8762.69853999  36647.70027577  19205.77868151  54997.15926997]]"
31,"[[ 44836.50643909  64491.43428783   4158.39787248  42420.1134707   40130.18860578  12747.15174682  58166.9685173 ]
 [ 60256.84683349  69904.67503263  31318.13461625  19867.23140133  64972.6439249   56858.10351655  11227.43607507]
 [  2944.01315541  35443.6211048  252471.45225692  77969.20243349 192531.67769948  52494.39600385   6013.85166914]
 [ 54486.33439534   8660.95134674 155732.31645148 228911.74374437 283038.90017831  41154.14008326   8339.42317199]
 [ 43443.51891858  37333.44220987  98382.13978045 121803.57150043 124057.16864975  43720.4147358    3739.74615702]
 [ 14514.58753475  61998.6044637   32787.6289332   46311.51901886  40818.13056805  92482.08602714  48354.73475532]
 [ 58969.2502787    8623.37570788  21664.03110704   8892.02386449  36846.02452199  19082.27456143  55211.49019864]]"
32,"[[ 44833.55223199  64476.3372598    4158.39787248  40814.88042253  41033.82192135  12747.15174682  58191.97407046]
 [ 60298.8758798   69904.67503263  31318.13461625  19867.23140133  64899.35829188  56851.52269741  11227.43607507]
 [  2944.01315541  35425.38073568 254785.86240756  78520.06540745 182578.46898743  52494.39600385   6013.85166914]
 [ 55792.13154355   8660.95134674 154881.90707812 218784.33069303 282204.2446129   43299.73196622   8339.42317199]
 [ 41318.56219788  37333.44220987  97221.96804267 120838.64642835 123990.48898287  43737.07101617   3739.74615702]
 [ 14514.58753475  61965.2277432   32801.34372685  46361.28898981  40828.86134069  93717.80839392  48415.96422823]
 [ 58468.59169601   8623.37570788  21664.03110704   8892.02386449  37100.72778334  19082.27456143  55395.48209001]]"
